{
    "num_pairs_compared": 100,
    "average_ssim": 0.01565388353028985,
    "std_dev_ssim": 0.0035406526039139705,
    "individual_scores": [
        0.010282400088325521,
        0.016425616294235404,
        0.013483003656125606,
        0.013565637157701621,
        0.013334966520849301,
        0.012225508225962791,
        0.015206191460506797,
        0.016157718267457877,
        0.015046615749452433,
        0.01575079042730823,
        0.013735592705844965,
        0.022862760125206147,
        0.020604249239348133,
        0.02170437375513876,
        0.01654635328614219,
        0.014025631766145115,
        0.020089557264429934,
        0.011057358202507198,
        0.014839768403577152,
        0.0174817044145335,
        0.01577610256976423,
        0.012282144069535669,
        0.013313782546751932,
        0.013730019675416998,
        0.014451662647450368,
        0.01525591254970075,
        0.016342543347358428,
        0.016181896278849136,
        0.009811956634404309,
        0.02279382154925102,
        0.01626557867730611,
        0.021324867756889673,
        0.009178911303869977,
        0.022641889969001964,
        0.014516030913569414,
        0.02494640963320475,
        0.01751010973235422,
        0.014706842061724899,
        0.016077821368859914,
        0.015966551700601725,
        0.012827342497460118,
        0.017424402057189363,
        0.011989933444170056,
        0.015557271752179264,
        0.017004162183689796,
        0.017477012695239633,
        0.009441609410740024,
        0.018847134847701973,
        0.020714258749215793,
        0.01608702705655509,
        0.016487048284563467,
        0.02086087125343905,
        0.011866357407363214,
        0.011386392397004291,
        0.01540725834005127,
        0.017401217879427732,
        0.013924296805534407,
        0.017456381189068622,
        0.014439976647497795,
        0.010002968012566235,
        0.020779939224876236,
        0.012673224142662788,
        0.021589971210521083,
        0.014522053871946211,
        0.014452906960725315,
        0.012327746643555642,
        0.020396740308106436,
        0.011782981699230853,
        0.014285759411535235,
        0.017589224816745963,
        0.01750278018681307,
        0.017939205169630726,
        0.014043849242990257,
        0.017684126651498974,
        0.017701481131672463,
        0.017142067765799126,
        0.013203242377309528,
        0.015159852383386354,
        0.013891429925069644,
        0.011726369372696941,
        0.01845477387007073,
        0.011053300434323421,
        0.010688906234208748,
        0.012850611113500287,
        0.012248227934879468,
        0.023214157738682423,
        0.017392540171876688,
        0.013271878971667182,
        0.014330433665026194,
        0.0109811978779794,
        0.01564093644825189,
        0.016324682577745463,
        0.019914433150631464,
        0.013224960232930329,
        0.014726137535095631,
        0.024964159074124716,
        0.01596228501783331,
        0.009799660128972666,
        0.011985353892341365,
        0.01786118955474955
    ]
}