{
    "train_loss": [
        0.42267948979651504,
        0.40777695799447833,
        0.4015009935388916,
        0.39602364566160525,
        0.4002565345548056,
        0.39805909661913447,
        0.39251006690875545,
        0.3947849765051524,
        0.3917402091955087,
        0.39174578805244503
    ],
    "train_acc": [
        0.798989411530928,
        0.8072785079626423,
        0.8086978737899906,
        0.8146875975814006,
        0.8124449995741903,
        0.8133250063871462,
        0.816050188775655,
        0.816106963408749,
        0.8153688931785278,
        0.8174979419195504
    ],
    "val_loss": [
        0.28610664518674217,
        0.603296910683314,
        0.3345616032282511,
        0.3992293640772502,
        0.3987038038571676,
        0.6382292931079865,
        0.5846571414470673,
        0.37426801745096844,
        0.22351003793875376,
        0.2548371020555496
    ],
    "val_acc": [
        0.8573333333333333,
        0.6893333333333334,
        0.825,
        0.7876666666666666,
        0.7903333333333333,
        0.6736666666666666,
        0.7013333333333334,
        0.8073333333333333,
        0.8986666666666666,
        0.8773333333333333
    ]
}