{
    "train_loss": [
        0.41952294650243505,
        0.41035920451257074,
        0.3969778495248496,
        0.3976195664534348,
        0.39587260780053735
    ],
    "train_acc": [
        0.8014023334374202,
        0.8095494932863997,
        0.8130979078547705,
        0.8151417946461521,
        0.8147443722144946
    ],
    "val_loss": [
        0.5063045241832733,
        0.7598437174161276,
        0.84774334303538,
        0.3572810625632604,
        0.5083820442358653
    ],
    "val_acc": [
        0.7333333333333333,
        0.6236666666666667,
        0.589,
        0.812,
        0.7293333333333333
    ]
}