{
    "average": {
        "loss": 0.22995557574431102,
        "accuracy": 0.8971111111111112,
        "weighted_precision": 1.0,
        "weighted_recall": 0.8971111111111112,
        "weighted_f1_score": 0.9447299883368668
    },
    "std_dev": {
        "loss": 0.09595347015591114,
        "accuracy": 0.05879804313532219,
        "weighted_precision": 0.0,
        "weighted_recall": 0.05879804313532219,
        "weighted_f1_score": 0.03341097833121913
    },
    "folds": [
        {
            "loss": 0.3654491131703059,
            "accuracy": 0.8143333333333334,
            "weighted_precision": 1.0,
            "weighted_recall": 0.8143333333333334,
            "weighted_f1_score": 0.897666727907404
        },
        {
            "loss": 0.15574903619289399,
            "accuracy": 0.9453333333333334,
            "weighted_precision": 1.0,
            "weighted_recall": 0.9453333333333334,
            "weighted_f1_score": 0.971898560657985
        },
        {
            "loss": 0.1686685778697332,
            "accuracy": 0.9316666666666666,
            "weighted_precision": 1.0,
            "weighted_recall": 0.9316666666666666,
            "weighted_f1_score": 0.9646246764452115
        }
    ],
    "config": {
        "data_dir": "./data/processed",
        "model_dir": "./models",
        "results_dir": "./results/metrics",
        "figures_dir": "./results/figures",
        "epochs": 5,
        "batch_size": 32,
        "lr": 0.001,
        "unfreeze": false,
        "use_synthetic": true,
        "synthetic_dir": "./data/synthetic",
        "k_folds": 3,
        "workers": 4,
        "cpu": false
    }
}