{
    "train_loss": [
        0.41593061189361547,
        0.3804077404916657,
        0.3774941744685806,
        0.3857361773790853,
        0.37755217986305584
    ],
    "train_acc": [
        0.7987623129985523,
        0.8200811877253243,
        0.822891532063474,
        0.8191444062792744,
        0.821216680387203
    ],
    "val_loss": [
        0.5848020769755046,
        0.3335472114086151,
        0.5466205741564433,
        0.36314052367210387,
        0.21457690870761872
    ],
    "val_acc": [
        0.683,
        0.8256666666666667,
        0.7086666666666667,
        0.812,
        0.909
    ]
}