{
    "train_loss": [
        0.4207540714472061,
        0.401005104323319,
        0.40492226253252417,
        0.39531519107788554,
        0.3976868407009618,
        0.39553282488014074,
        0.3925976591072058,
        0.3955113784658495,
        0.3858148682451466,
        0.3867134145065593
    ],
    "train_acc": [
        0.79728617253811,
        0.8119908025094388,
        0.8118204786101569,
        0.8142901751497431,
        0.8137792034518977,
        0.8134385556533341,
        0.8151134073296051,
        0.8159650268260141,
        0.8189173077468986,
        0.8195702160274789
    ],
    "val_loss": [
        0.5789143330256145,
        0.7221511329809824,
        0.2888192104101181,
        0.43196408192316693,
        0.29301966285705566,
        1.0788729826609293,
        0.3674318093061447,
        0.4307641890843709,
        0.5529491475423177,
        0.4147765370210012
    ],
    "val_acc": [
        0.6926666666666667,
        0.6343333333333333,
        0.8543333333333333,
        0.7673333333333333,
        0.8586666666666667,
        0.51,
        0.8103333333333333,
        0.776,
        0.7163333333333334,
        0.7853333333333333
    ]
}