{
    "train_loss": [
        0.44212262508480865,
        0.41504490284416984,
        0.406482777260849,
        0.39975795547831333,
        0.3948062532946345,
        0.3914583555309678,
        0.3896323298293441,
        0.3819772510104685,
        0.3821924247778613,
        0.3743449319413452
    ],
    "train_acc": [
        0.7945876203394316,
        0.8091110596486585,
        0.8135772653587852,
        0.8183081351109934,
        0.8172163959374069,
        0.818903629205677,
        0.8204254474476461,
        0.8249909021735534,
        0.8265788864260429,
        0.8292916928573791
    ],
    "val_loss": [
        0.5339425982634226,
        0.6156290341218312,
        0.4380450559457143,
        0.3012895621061325,
        0.5904058497746786,
        0.5851509541670481,
        0.39762017464637756,
        0.668969804763794,
        0.7111844064394633,
        0.45601192251841227
    ],
    "val_acc": [
        0.7556666666666667,
        0.673,
        0.7756666666666666,
        0.844,
        0.7373333333333333,
        0.728,
        0.8096666666666666,
        0.6886666666666666,
        0.6843333333333333,
        0.7946666666666666
    ]
}