{
    "train_loss": [
        0.4731115396443127,
        0.45036059993446126,
        0.44200035603626076,
        0.44073977919636387,
        0.43970483308508573
    ],
    "train_acc": [
        0.7711979356204718,
        0.785622125913918,
        0.7898567505872234,
        0.791146987792371,
        0.7915770668607536
    ],
    "val_loss": [
        0.6597273944218953,
        0.40481380438804626,
        0.5835805181662241,
        0.7435820339520772,
        0.45893510897954304
    ],
    "val_acc": [
        0.634,
        0.7836666666666666,
        0.6753333333333333,
        0.6123333333333333,
        0.7513333333333333
    ]
}