{
    "average": {
        "loss": 0.48821718026532074,
        "accuracy": 0.7402222222222221,
        "weighted_precision": 1.0,
        "weighted_recall": 0.7402222222222221,
        "weighted_f1_score": 0.8495114576322584
    },
    "std_dev": {
        "loss": 0.10735659346700253,
        "accuracy": 0.055870440957983374,
        "weighted_precision": 0.0,
        "weighted_recall": 0.055870440957983374,
        "weighted_f1_score": 0.037691677731727914
    },
    "folds": [
        {
            "loss": 0.3951029150088628,
            "accuracy": 0.7906666666666666,
            "weighted_precision": 1.0,
            "weighted_recall": 0.7906666666666666,
            "weighted_f1_score": 0.8830975428145942
        },
        {
            "loss": 0.6386273698806763,
            "accuracy": 0.6623333333333333,
            "weighted_precision": 1.0,
            "weighted_recall": 0.6623333333333333,
            "weighted_f1_score": 0.7968718668538199
        },
        {
            "loss": 0.43092125590642294,
            "accuracy": 0.7676666666666667,
            "weighted_precision": 1.0,
            "weighted_recall": 0.7676666666666667,
            "weighted_f1_score": 0.8685649632283613
        }
    ],
    "config": {
        "data_dir": "./data/processed",
        "model_dir": "./models",
        "results_dir": "./results/metrics",
        "figures_dir": "./results/figures",
        "epochs": 5,
        "batch_size": 32,
        "lr": 0.001,
        "unfreeze": false,
        "use_synthetic": false,
        "synthetic_dir": "./data/synthetic",
        "k_folds": 3,
        "workers": 4,
        "cpu": false
    }
}