{
    "average_test_metrics": {
        "accuracy": 0.8065555555555556,
        "precision": 0.0,
        "recall": 0.0,
        "f1_score": 0.0
    },
    "std_dev_test_metrics": {
        "accuracy": 0.11779087977438955,
        "precision": 0.0,
        "recall": 0.0,
        "f1_score": 0.0
    },
    "test_metrics_per_fold": [
        {
            "loss": 0.11765513565142949,
            "accuracy": 0.9726666666666667,
            "precision": 0.0,
            "recall": 0.0,
            "f1_score": 0.0
        },
        {
            "loss": 0.5381929353078206,
            "accuracy": 0.7126666666666667,
            "precision": 0.0,
            "recall": 0.0,
            "f1_score": 0.0
        },
        {
            "loss": 0.49545563117663066,
            "accuracy": 0.7343333333333333,
            "precision": 0.0,
            "recall": 0.0,
            "f1_score": 0.0
        }
    ]
}