{
    "loss": 0.6561128718058268,
    "accuracy": 0.659,
    "weighted_precision": 1.0,
    "weighted_recall": 0.659,
    "weighted_f1_score": 0.7944544906570223
}