{
    "train_loss": [
        0.4811466837770323,
        0.45012216600134614,
        0.44469399889619127,
        0.44202505144890736,
        0.43705779731091254,
        0.43816251329971045,
        0.4376937265915114,
        0.4422368076616457,
        0.4350973405452315,
        0.4313853624174449
    ],
    "train_acc": [
        0.7637085435447853,
        0.7853775535522289,
        0.7883963278471591,
        0.7902572161111571,
        0.7913323959970225,
        0.7909188652716896,
        0.7946406417996857,
        0.7905053345463567,
        0.7954677032503515,
        0.7963361177735506
    ],
    "val_loss": [
        0.4486578025681801,
        0.4381677683371961,
        0.43604162197353624,
        0.4322989115052424,
        0.4472811172677033,
        0.431564729809268,
        0.42969101457382847,
        0.42989038811723884,
        0.45043175777588335,
        0.4281585763218582
    ],
    "val_acc": [
        0.7864350703060381,
        0.7938792390405294,
        0.794044665012407,
        0.794044665012407,
        0.7852770885028949,
        0.7945409429280397,
        0.7973531844499586,
        0.7975186104218362,
        0.7879239040529363,
        0.7958643507030604
    ]
}