{
    "train_loss": [
        0.4832220313199612,
        0.4535607650335608,
        0.4429851318849168,
        0.4336232152989285,
        0.4366222178601759,
        0.43972444332176913,
        0.43258265933852047,
        0.43446262113204304,
        0.4259528457862085,
        0.43203599297262335
    ],
    "train_acc": [
        0.7623754187171746,
        0.7825565526653158,
        0.7889665439808113,
        0.7955833092097101,
        0.7925230552913445,
        0.7889665439808113,
        0.7951284066002233,
        0.7921508622472189,
        0.7969893718208511,
        0.7947562135560977
    ],
    "val_loss": [
        0.4567221808110173,
        0.4462143880935288,
        0.4420212463476072,
        0.44787875560195173,
        0.4397847059740754,
        0.4403822381016122,
        0.437902377135226,
        0.4363073083370914,
        0.4423810886579596,
        0.437393257663694
    ],
    "val_acc": [
        0.7843202117102216,
        0.7879589811445584,
        0.7914323519682435,
        0.7892821700297717,
        0.7945749255706253,
        0.7927555408534568,
        0.7932517366854118,
        0.7942441283493219,
        0.7947403241812768,
        0.7962289116771419
    ]
}