{
    "train_loss": [
        0.4156190418317168,
        0.39055085220793456,
        0.38442297592645774,
        0.38716668278626376,
        0.3826318236125209,
        0.37804426664102153,
        0.3763270648705053,
        0.37749100892614545,
        0.38136475230086847,
        0.3756264321244071
    ],
    "train_acc": [
        0.8025495168254403,
        0.8182783907888425,
        0.8210540744294428,
        0.8185525323829758,
        0.8224590500993764,
        0.8234185456788431,
        0.8244808443561099,
        0.8236241518744432,
        0.8209170036323761,
        0.8232814748817764
    ],
    "val_loss": [
        0.4525358555383974,
        0.4341972656048853,
        0.4765454290128129,
        0.45605585936971493,
        0.4348034671311343,
        0.46473779166602613,
        0.4305802917756553,
        0.5658414403794717,
        0.431217354629728,
        0.4321464172466616
    ],
    "val_acc": [
        0.7917287014061207,
        0.7933829611248966,
        0.7784946236559139,
        0.7788254755996692,
        0.7937138130686517,
        0.7775020678246485,
        0.794044665012407,
        0.7482216708023159,
        0.7976840363937138,
        0.7961952026468155
    ]
}