{
    "epoch": [
        1,
        2,
        3,
        4,
        5,
        6,
        7,
        8,
        9,
        10,
        11,
        12,
        13,
        14,
        15
    ],
    "train_loss": [
        0.47860936500496587,
        0.45796126515717134,
        0.4607710853415611,
        0.4598037593085488,
        0.44799714060881946,
        0.45455655489975166,
        0.45436227104956783,
        0.4477198609598448,
        0.44710935562100934,
        0.4495588616112869,
        0.4424600887153646,
        0.4523959541940979,
        0.4423696170444894,
        0.4423668436340331,
        0.4390315414756804
    ],
    "train_acc": [
        0.7663454778545139,
        0.7828046813613995,
        0.7794135891815889,
        0.7815640378809809,
        0.7883048674579215,
        0.7850378396261528,
        0.7835904222323312,
        0.7877259005003928,
        0.7878913196311154,
        0.7856168065836814,
        0.7920267978991771,
        0.7879740291964765,
        0.7914064761589678,
        0.7897936396344237,
        0.7919027335511352
    ],
    "val_loss": [
        0.4596919897097134,
        0.4479371199850763,
        0.4482921130839382,
        0.4400305296859716,
        0.4621331051332131,
        0.48603501893257095,
        0.44083980554939695,
        0.4653155860662697,
        0.434698615944074,
        0.4513078976300549,
        0.4419481817594712,
        0.4430599195098309,
        0.4686147530978774,
        0.5554002148206764,
        0.438858057227783
    ],
    "val_acc": [
        0.7829970228250083,
        0.7944095269599736,
        0.7906053589149851,
        0.7945749255706253,
        0.7874627853126034,
        0.7709229242474364,
        0.7988752894475687,
        0.7773734700628515,
        0.798709890836917,
        0.7912669533575918,
        0.7930863380747601,
        0.7944095269599736,
        0.7871319880913,
        0.7312272576910354,
        0.7949057227919285
    ],
    "synthetic_ratio": [
        0.0,
        0.0,
        0.0,
        0.0,
        0.0,
        0.0,
        0.0,
        0.0,
        0.0,
        0.0,
        0.0,
        0.0,
        0.0,
        0.0,
        0.0
    ]
}