{
    "epoch": [
        1,
        2,
        3,
        4,
        5
    ],
    "train_loss": [
        0.40100883990914427,
        0.38474364110817216,
        0.2917797205801228,
        0.29171368829996264,
        0.285024588765634
    ],
    "train_acc": [
        0.8082792274926596,
        0.8201894049046772,
        0.8653074728092304,
        0.8631156693271577,
        0.865348827591911
    ],
    "val_loss": [
        0.5392444355871123,
        0.4415696123223647,
        0.6516850808579284,
        0.4452223956801818,
        0.4209022184712501
    ],
    "val_acc": [
        0.739000992391664,
        0.7909361561362884,
        0.7156797882897784,
        0.7859741978167384,
        0.8064836255375455
    ],
    "synthetic_ratio": [
        0.2,
        0.2,
        0.4,
        0.4,
        0.4
    ]
}