{
    "epoch": [
        1,
        2,
        3,
        4,
        5
    ],
    "train_loss": [
        0.41192555847492157,
        0.39430126171378077,
        0.39303403881388493,
        0.38706502796534803,
        0.3818649268058008
    ],
    "train_acc": [
        0.8042629017887739,
        0.8156740456445755,
        0.8149201562607087,
        0.8223562470015763,
        0.8203344527448427
    ],
    "val_loss": [
        0.4525008645996365,
        0.45374256096367405,
        0.5385371041455675,
        0.4413201238519402,
        0.4367759403657874
    ],
    "val_acc": [
        0.7907361455748553,
        0.7877584780810587,
        0.7452440033085195,
        0.7961952026468155,
        0.7953680727874276
    ],
    "synthetic_ratio": [
        0.0,
        0.0,
        0.0,
        0.0,
        0.0
    ]
}