{
    "epoch": [
        1,
        2,
        3,
        4,
        5
    ],
    "train_loss": [
        0.48603138509256927,
        0.4639356860638493,
        0.4577385889799618,
        0.45398610520723703,
        0.45376132529827573
    ],
    "train_acc": [
        0.764080721197585,
        0.7766934083202381,
        0.7826068976924986,
        0.7855016127698288,
        0.7871557356711604
    ],
    "val_loss": [
        0.4636599264527472,
        0.47367616279545255,
        0.45072805348065786,
        0.42713749413652,
        0.4401050515762531
    ],
    "val_acc": [
        0.7751861042183623,
        0.7768403639371382,
        0.7827956989247312,
        0.7995037220843673,
        0.7983457402812242
    ],
    "synthetic_ratio": [
        0.0,
        0.0,
        0.0,
        0.0,
        0.0
    ]
}