{
    "train_loss": [
        0.40208190376236835,
        0.37978001596684013,
        0.37007444205207973,
        0.372622192727066,
        0.3648392087768131,
        0.3613524141419327,
        0.35828769384699455,
        0.36459309222781383,
        0.36509147712075024,
        0.3662817242596362
    ],
    "train_acc": [
        0.8061476252484409,
        0.8214652868206429,
        0.8260914262216434,
        0.8233500102803097,
        0.830100747035844,
        0.8304091563292441,
        0.8336645877595779,
        0.8301350147351106,
        0.8282160235761771,
        0.8284901651703105
    ],
    "val_loss": [
        0.4835194791714153,
        0.4471018914450684,
        0.44007049643174984,
        0.44932039790749057,
        0.4623354850276824,
        0.45117549871589846,
        0.4311696279827872,
        0.442099804065758,
        0.4422082465773678,
        0.4571923865228768
    ],
    "val_acc": [
        0.7679073614557486,
        0.7895781637717122,
        0.7887510339123243,
        0.7902398676592225,
        0.7775020678246485,
        0.7890818858560794,
        0.7966914805624483,
        0.7920595533498759,
        0.7874276261373035,
        0.780479735318445
    ]
}