{
    "train_loss": [
        0.3983340416721101,
        0.3830774540510345,
        0.3772571100000785,
        0.36839946880738145,
        0.3697645580440121
    ],
    "train_acc": [
        0.80792016222019,
        0.819490278716552,
        0.8214385113911972,
        0.8254542562919963,
        0.82899288298676
    ],
    "val_loss": [
        0.4587667018896817,
        0.42985222483022006,
        0.44400102281059334,
        0.4388223851351759,
        0.5586984662509902
    ],
    "val_acc": [
        0.7787812624057165,
        0.8017070265978563,
        0.7923779277491068,
        0.7948590710599445,
        0.7390829694323144
    ]
}