{
    "train_loss": [
        0.4809495811820888,
        0.46536844193112137,
        0.4632206859792514,
        0.4614875554279283,
        0.45009668120506946
    ],
    "train_acc": [
        0.7671408485650484,
        0.7785956496567695,
        0.7783061781490365,
        0.7811181870813001,
        0.7862873211479613
    ],
    "val_loss": [
        0.44442462349253514,
        0.5570380439434888,
        0.4370052684428181,
        0.44423564502875407,
        0.46341064654666597
    ],
    "val_acc": [
        0.7907361455748553,
        0.7325062034739455,
        0.7882547559966915,
        0.7923904052936311,
        0.7867659222497932
    ],
    "synthetic_ratio": [
        0.0,
        0.0,
        0.0,
        0.0,
        0.0
    ]
}