{
    "epoch": [
        1,
        2,
        3,
        4,
        5
    ],
    "train_loss": [
        0.40927204629094377,
        0.3935119513640697,
        0.2887897878483501,
        0.28951690968928057,
        0.2888853142372127
    ],
    "train_acc": [
        0.80626085518154,
        0.8153998842113969,
        0.8655198081217435,
        0.8653543958316103,
        0.8648995120337442
    ],
    "val_loss": [
        0.5134470533890799,
        0.46472607546349615,
        0.46886323829442633,
        0.4438725460256004,
        0.4455774885154737
    ],
    "val_acc": [
        0.7593052109181141,
        0.7847808105872622,
        0.7771712158808933,
        0.7961952026468155,
        0.7945409429280397
    ],
    "synthetic_ratio": [
        0.2,
        0.2,
        0.4,
        0.4,
        0.4
    ]
}