{
    "train_loss": [
        0.41307417478622516,
        0.3952034916701927,
        0.39220215510810574,
        0.3826950667070465,
        0.3831973788244534,
        0.38871205476841647,
        0.3831144505811109,
        0.3742542244602725,
        0.3790982252269111,
        0.37598520952404735
    ],
    "train_acc": [
        0.8034062093071072,
        0.8128298266054417,
        0.8167363443218423,
        0.8215680899184429,
        0.8213624837228428,
        0.8176615722020424,
        0.8215338222191763,
        0.8247207182509766,
        0.8217394284147762,
        0.8266054417106435
    ],
    "val_loss": [
        0.5422112573415805,
        0.5204440399079997,
        0.43141920330408096,
        0.4853773122192711,
        0.7194873548964018,
        0.5515734068217407,
        0.44289419608632824,
        0.4302435339384576,
        0.4477305238457925,
        0.46609216852558855
    ],
    "val_acc": [
        0.7450785773366418,
        0.7559966914805625,
        0.8039702233250621,
        0.7816377171215881,
        0.6552522746071133,
        0.7440860215053764,
        0.7965260545905707,
        0.8033085194375517,
        0.7922249793217535,
        0.7846153846153846
    ]
}