{
    "train_loss": [
        0.48034669683483516,
        0.45129231092361033,
        0.44608798158937363,
        0.44681587026874586,
        0.44244466692493944,
        0.4404541619569106,
        0.43990197233243494,
        0.4345173697865811,
        0.43194698189408304,
        0.4324743638773285
    ],
    "train_acc": [
        0.7625408378478971,
        0.7867333857160581,
        0.7880567387618378,
        0.7897936396344237,
        0.7881808031098797,
        0.7927298292047475,
        0.7923576361606219,
        0.7944667300773335,
        0.7975683387783797,
        0.7964104048633225
    ],
    "val_loss": [
        0.4376173340008427,
        0.43106411947069917,
        0.4605543218106968,
        0.440566329560925,
        0.4250244724013101,
        0.45379615983464566,
        0.430739360872263,
        0.42327805812335983,
        0.42033807108664883,
        0.41935854051983046
    ],
    "val_acc": [
        0.7937479325173669,
        0.7988752894475687,
        0.7782004631161098,
        0.7899437644723785,
        0.7995368838901753,
        0.7823354283824016,
        0.7929209394641085,
        0.8020178630499504,
        0.8048296394310288,
        0.8059874297055905
    ]
}