{
    "epoch": [
        1,
        2,
        3,
        4,
        5
    ],
    "train_loss": [
        0.38174012424504017,
        0.3627463599661484,
        0.24845898095443633,
        0.24502462013341333,
        0.12666533570118102
    ],
    "train_acc": [
        0.8167983127248666,
        0.8288325544849262,
        0.8827591911004508,
        0.8864811215417063,
        0.9411107894628014
    ],
    "val_loss": [
        0.5932089541670584,
        0.52141008554923,
        0.4485364369887845,
        0.4732823481119669,
        0.4413591152068759
    ],
    "val_acc": [
        0.7155143896791267,
        0.7581872312272577,
        0.7922593450215019,
        0.7770426728415482,
        0.7937479325173669
    ],
    "synthetic_ratio": [
        0.25,
        0.25,
        0.5,
        0.5,
        0.75
    ]
}