{
    "train_loss": [
        0.40928460084773527,
        0.37371146740199984,
        0.36956674641198795,
        0.3715657288240901,
        0.36449756568432934,
        0.36804121098511183,
        0.36190860609571635,
        0.36400086864329667,
        0.3646881346607476,
        0.35516900660756207
    ],
    "train_acc": [
        0.8022411075320403,
        0.8240696319649099,
        0.8283873620725104,
        0.8264683709135768,
        0.8308546364197108,
        0.8292783222534439,
        0.8286615036666438,
        0.8282502912754438,
        0.8295524638475773,
        0.8347268864368447
    ],
    "val_loss": [
        0.44937184432304234,
        0.4581616289414484,
        0.4489360665811597,
        0.4316592715859315,
        0.4342260867036799,
        0.43097199859749297,
        0.42812142201550646,
        0.44244554412572024,
        0.4671224225247764,
        0.44058201733554464
    ],
    "val_acc": [
        0.7872622001654259,
        0.7818031430934657,
        0.7859387923904053,
        0.7945409429280397,
        0.7942100909842845,
        0.7933829611248966,
        0.7956989247311828,
        0.7875930521091812,
        0.7778329197684036,
        0.7894127377998346
    ]
}