{
    "epoch": [
        1,
        2,
        3,
        4,
        5
    ],
    "train_loss": [
        0.41336902148817883,
        0.40392248773785616,
        0.40428202680119524,
        0.39619307076904037,
        0.3830069254451386
    ],
    "train_acc": [
        0.8021383044342403,
        0.8099513398670414,
        0.8106709615516414,
        0.8126927558083751,
        0.8212939483243095
    ],
    "val_loss": [
        0.5512797340417914,
        0.4470586688238496,
        0.4315438119363351,
        0.44659971852653574,
        0.4536288090438464
    ],
    "val_acc": [
        0.7374689826302729,
        0.7932175351530191,
        0.7950372208436725,
        0.7918941273779984,
        0.7854425144747725
    ],
    "synthetic_ratio": [
        1.0,
        1.0,
        1.0,
        1.0,
        1.0
    ]
}