{
    "epoch": [
        1,
        2,
        3,
        4,
        5
    ],
    "train_loss": [
        0.4088056464010935,
        0.3993091076463369,
        0.39039743630049956,
        0.38923440145568766,
        0.38550670604792087
    ],
    "train_acc": [
        0.8061818929477075,
        0.8130011651017751,
        0.8169419505174422,
        0.8182783907888425,
        0.8217051607155096
    ],
    "val_loss": [
        0.4411660891312819,
        0.6414912303978989,
        0.4374883385459878,
        0.4575997849946381,
        0.5149752339417526
    ],
    "val_acc": [
        0.789247311827957,
        0.699586435070306,
        0.7884201819685691,
        0.7890818858560794,
        0.764102564102564
    ],
    "synthetic_ratio": [
        0.0,
        0.0,
        0.0,
        0.0,
        0.0
    ]
}