{
    "epoch": [
        1,
        2,
        3,
        4,
        5,
        6,
        7,
        8,
        9,
        10,
        11,
        12,
        13,
        14,
        15
    ],
    "train_loss": [
        0.4773045437669523,
        0.4712605574619464,
        0.46075045555185423,
        0.45531517504354124,
        0.45721820283998976,
        0.45345708211555524,
        0.4589185829624724,
        0.45014308470462205,
        0.45183757176510053,
        0.4434755772979545,
        0.4439773099748615,
        0.44719272520902914,
        0.44358426295992687,
        0.4428579445675217,
        0.44347607156221824
    ],
    "train_acc": [
        0.7679583143790579,
        0.7777180430916836,
        0.7784624291799347,
        0.7842107439725404,
        0.7847070013647078,
        0.7858649352797651,
        0.7796203630949919,
        0.7895041561556594,
        0.7850791944088333,
        0.7920267978991771,
        0.7890906083288532,
        0.7889665439808113,
        0.7900004135478268,
        0.79289524833547,
        0.7935569248583598
    ],
    "val_loss": [
        0.4337733388144253,
        0.4280910543404862,
        0.4379761512020034,
        0.4248361010603506,
        0.5061595682627785,
        0.44493683558444175,
        0.4213678407385142,
        0.4196706360197998,
        0.4453332330902168,
        0.41650673673123745,
        0.41699232787554363,
        0.4191208865876786,
        0.4273978271036404,
        0.41592381867477524,
        0.44009652740703764
    ],
    "val_acc": [
        0.7954019186238835,
        0.8025140588819054,
        0.7902745616936818,
        0.7980482963943103,
        0.7492557062520675,
        0.7863049950380416,
        0.801687065828647,
        0.8054912338736354,
        0.786635792259345,
        0.8059874297055905,
        0.8056566324842871,
        0.8030102547138604,
        0.7977174991730069,
        0.8058220310949388,
        0.7896129672510751
    ],
    "synthetic_ratio": [
        0.0,
        0.0,
        0.0,
        0.0,
        0.0,
        0.0,
        0.0,
        0.0,
        0.0,
        0.0,
        0.0,
        0.0,
        0.0,
        0.0,
        0.0
    ]
}