{
    "epoch": [
        1,
        2,
        3,
        4,
        5
    ],
    "train_loss": [
        0.37652549325813484,
        0.3680739455518469,
        0.24779568590022288,
        0.23788657893284448,
        0.12801208816325138
    ],
    "train_acc": [
        0.8182118931436606,
        0.8268960383756513,
        0.8840459846166571,
        0.8902075924241171,
        0.9411132247125962
    ],
    "val_loss": [
        0.44421792911339436,
        0.46786611259131516,
        0.5400536088582599,
        0.500598748978551,
        0.4732847946009624
    ],
    "val_acc": [
        0.7834574028122415,
        0.7803143093465674,
        0.7427626137303557,
        0.7598014888337469,
        0.7778329197684036
    ],
    "synthetic_ratio": [
        0.25,
        0.25,
        0.5,
        0.5,
        0.75
    ]
}