{
    "train_loss": [
        0.4755338036754203,
        0.4694321164089103,
        0.45763855336701464,
        0.4549455386827396,
        0.4505308674790369,
        0.4500488287488756,
        0.4491487245303142,
        0.4434137768428136,
        0.44442923147828933,
        0.44768710730907113
    ],
    "train_acc": [
        0.7697779248170051,
        0.7761879161325007,
        0.7827633265787188,
        0.7834250031016087,
        0.7855340970183202,
        0.7871469335428642,
        0.7866093213680162,
        0.7899590587651462,
        0.7897109300690625,
        0.7906620900707166
    ],
    "val_loss": [
        0.49999959392733734,
        0.4546665920155986,
        0.45507432729883224,
        0.44545164216325805,
        0.43805967093381587,
        0.43756016882846893,
        0.43760222772316865,
        0.4400614188122032,
        0.467849309520141,
        0.4753048176446814
    ],
    "val_acc": [
        0.7522328812437975,
        0.7839894144889183,
        0.7872973867019517,
        0.7960635130664903,
        0.7980482963943103,
        0.8000330797221303,
        0.7939133311280185,
        0.7985444922262653,
        0.7825008269930532,
        0.7777042672841548
    ]
}