{
    "train_loss": [
        0.4890583021135388,
        0.467964705862071,
        0.4693079915687352,
        0.4561632237573601,
        0.45215592581106173,
        0.4549912418145694,
        0.4495200032252609,
        0.44179290651131403,
        0.45226729957807565,
        0.4483147119087574
    ],
    "train_acc": [
        0.7657348440989166,
        0.7761144653047721,
        0.7754528161442396,
        0.7857910842775618,
        0.784674551319163,
        0.7843437267388967,
        0.7871970887436937,
        0.7910842775618229,
        0.7883136217020925,
        0.7874865602514267
    ],
    "val_loss": [
        0.4514984141705547,
        0.45287066130622344,
        0.4342799322678098,
        0.45318443440917705,
        0.4352478206946497,
        0.4300663795128058,
        0.46788185051495224,
        0.4666300173432892,
        0.43811390156387003,
        0.42686506568941823
    ],
    "val_acc": [
        0.7822994210090984,
        0.7849462365591398,
        0.7930521091811414,
        0.7826302729528536,
        0.7937138130686517,
        0.798014888337469,
        0.773697270471464,
        0.7760132340777502,
        0.7922249793217535,
        0.7986765922249793
    ]
}