{
    "train_loss": [
        0.4831520152633258,
        0.4647495123255727,
        0.46518590468329457,
        0.44771554070561764,
        0.4541353608649734
    ],
    "train_acc": [
        0.7659002563890497,
        0.7776445289885039,
        0.779091886527169,
        0.7876933256140931,
        0.7837647837234306
    ],
    "val_loss": [
        0.46779830574101905,
        0.4423309735269759,
        0.4387077226630906,
        0.4380303947416784,
        0.44340306870004575
    ],
    "val_acc": [
        0.7770057899090157,
        0.7859387923904053,
        0.7885856079404466,
        0.7864350703060381,
        0.7847808105872622
    ],
    "synthetic_ratio": [
        0.0,
        0.0,
        0.0,
        0.0,
        0.0
    ]
}