{
    "train_loss": [
        0.4871709617558035,
        0.44949295218150004,
        0.4480257682972437,
        0.44065399415320866,
        0.4392754528636071,
        0.43818458622673806,
        0.4374779660666652,
        0.4333118646856317,
        0.42930317459671585,
        0.4341173156370015
    ],
    "train_acc": [
        0.7620544206434539,
        0.7832685468530312,
        0.7876519725415598,
        0.789678273095691,
        0.7917872797948887,
        0.7966255892812836,
        0.7961293524108841,
        0.7957985278306178,
        0.797824828384749,
        0.795260937887685
    ],
    "val_loss": [
        0.46312129057765106,
        0.45018270473227806,
        0.4586861845035017,
        0.44301472926948365,
        0.43786971525676593,
        0.43458762606675216,
        0.4290189462619147,
        0.4318016374969009,
        0.4259326837790515,
        0.4254814690257815
    ],
    "val_acc": [
        0.7803143093465674,
        0.7826302729528536,
        0.7768403639371382,
        0.7912324234904881,
        0.7925558312655087,
        0.7945409429280397,
        0.7966914805624483,
        0.7983457402812242,
        0.7975186104218362,
        0.8009925558312655
    ]
}