{
    "epoch": [
        1,
        2,
        3,
        4,
        5
    ],
    "train_loss": [
        0.40640937154905427,
        0.3824152778197869,
        0.2903913067618805,
        0.2888036708157014,
        0.2843447148506581
    ],
    "train_acc": [
        0.8049375568604747,
        0.8187908361591266,
        0.8655611611942767,
        0.8651889835414771,
        0.8686626416342734
    ],
    "val_loss": [
        0.45336057149841336,
        0.4457005893424881,
        0.4471455659424598,
        0.5004715187328723,
        0.44480853510652324
    ],
    "val_acc": [
        0.7844499586435071,
        0.7899090157154673,
        0.7917287014061207,
        0.760132340777502,
        0.7904052936311001
    ],
    "synthetic_ratio": [
        0.2,
        0.2,
        0.4,
        0.4,
        0.4
    ]
}