{
    "train_loss": [
        0.40212706985291274,
        0.371781405116376,
        0.37577038589150347,
        0.36859203132917373,
        0.3649141418440397,
        0.3594297022270818,
        0.360266273933558,
        0.3574929671359106,
        0.3607686430667231,
        0.36841148100464005
    ],
    "train_acc": [
        0.8049482557741073,
        0.8245151120553766,
        0.8222534439037763,
        0.8254403399355768,
        0.829689534644644,
        0.8308546364197108,
        0.8314029196079775,
        0.832396682886711,
        0.8296209992461107,
        0.8261599616201768
    ],
    "val_loss": [
        0.4365021312305807,
        0.43282868123626395,
        0.42982036441786414,
        0.4375606918551884,
        0.4365037471031334,
        0.4602782717709506,
        0.4542149500377519,
        0.4506889054260538,
        0.44994634613702866,
        0.4393427625236874
    ],
    "val_acc": [
        0.7998345740281224,
        0.7998345740281224,
        0.800827129859388,
        0.7981803143093466,
        0.7965260545905707,
        0.7842845326716295,
        0.7880893300248138,
        0.7905707196029776,
        0.7902398676592225,
        0.7966914805624483
    ]
}