{
    "train_loss": [
        0.4165016686145915,
        0.39369077957131554,
        0.39122768417108,
        0.3870017331656007,
        0.3865440140225743,
        0.3811756671210311,
        0.3740126695201801,
        0.39406994389798117,
        0.37540583448236503,
        0.3755837586975745
    ],
    "train_acc": [
        0.802480981426907,
        0.8141319991775752,
        0.8160852580357755,
        0.8197176341580427,
        0.8203687204441094,
        0.8204715235419094,
        0.8241038996641765,
        0.8192378863683092,
        0.8238982934685766,
        0.8251661983414433
    ],
    "val_loss": [
        0.5864527920635403,
        0.4600049974309008,
        0.4568323653921596,
        0.48363598692604487,
        0.4474437232250217,
        0.49798473961793066,
        0.5001291295533539,
        0.44805168397570566,
        0.4254505192770063,
        0.46021076335307487
    ],
    "val_acc": [
        0.7351530190239868,
        0.7872622001654259,
        0.7822994210090984,
        0.7685690653432589,
        0.7839536807278743,
        0.7657568238213399,
        0.7660876757650951,
        0.7990074441687345,
        0.8014888337468983,
        0.7803143093465674
    ]
}