{
    "train_loss": [
        0.4809571421503301,
        0.4692184883497576,
        0.45394741964344154,
        0.4529516623625733,
        0.45545947125310804
    ],
    "train_acc": [
        0.7642874865602515,
        0.7766520552477049,
        0.7837234306508973,
        0.7843023736663635,
        0.7833512529980977
    ],
    "val_loss": [
        0.5021288974014958,
        0.43717285388752486,
        0.43173911666160186,
        0.4633141099469932,
        0.4484562511085182
    ],
    "val_acc": [
        0.7622828784119107,
        0.7945409429280397,
        0.796029776674938,
        0.7852770885028949,
        0.7935483870967742
    ],
    "synthetic_ratio": [
        0.0,
        0.0,
        0.0,
        0.0,
        0.0
    ]
}