{
    "train_loss": [
        0.39976069619334076,
        0.3894946374207659,
        0.36906311866701713,
        0.3777960047846229,
        0.3782105006979015
    ],
    "train_acc": [
        0.8103132951653944,
        0.817946882951654,
        0.8271708015267175,
        0.8251431297709924,
        0.8247057888040712
    ],
    "val_loss": [
        0.4464069071123677,
        0.5565752185012212,
        0.5079543438028756,
        0.44732259213776504,
        0.5713728106998036
    ],
    "val_acc": [
        0.7885856079404466,
        0.7517617866004963,
        0.7636724565756824,
        0.7950372208436725,
        0.7557320099255583
    ]
}