{
    "epoch": [
        1,
        2,
        3,
        4,
        5
    ],
    "train_loss": [
        0.4779457856923444,
        0.47072015644983306,
        0.4640303883019237,
        0.4601970551613518,
        0.4569364028377098
    ],
    "train_acc": [
        0.7686199909019478,
        0.7734998552582606,
        0.7803233944005624,
        0.7819362309251064,
        0.783714486580373
    ],
    "val_loss": [
        0.4292084242269924,
        0.4304675716972099,
        0.4268870092349221,
        0.4250682865473122,
        0.4738374660238303
    ],
    "val_acc": [
        0.8003638769434337,
        0.7975521005623553,
        0.7992060866688719,
        0.8005292755540854,
        0.7662917631491896
    ],
    "synthetic_ratio": [
        0.0,
        0.0,
        0.0,
        0.0,
        0.0
    ]
}