{
    "epoch": [
        1,
        2,
        3,
        4,
        5
    ],
    "train_loss": [
        0.3973786099006804,
        0.39869640122685135,
        0.2855626782576868,
        0.2751691595042177,
        0.28017453140214854
    ],
    "train_acc": [
        0.8072040031429635,
        0.812001157933915,
        0.866754890203052,
        0.8700219180348208,
        0.8682436623795542
    ],
    "val_loss": [
        0.5103054160595414,
        0.44476804313697527,
        0.5365064529011354,
        0.462896460064034,
        0.44907495451415175
    ],
    "val_acc": [
        0.754052265960966,
        0.7912669533575918,
        0.7452861395964274,
        0.7868011908699967,
        0.7907707575256367
    ],
    "synthetic_ratio": [
        0.2,
        0.2,
        0.4,
        0.4,
        0.4
    ]
}