{
    "train_loss": [
        0.47959202101027,
        0.4618595431184752,
        0.45390972281518654,
        0.4586398044307973,
        0.46025317715513553,
        0.4512147096689922,
        0.45367908997634143,
        0.44636440390682974,
        0.45349782965898006,
        0.44883925268847763
    ],
    "train_acc": [
        0.765371445585827,
        0.7791176616545085,
        0.7844771971614312,
        0.7802094188874001,
        0.7824425586819512,
        0.7892908540519081,
        0.7844771971614312,
        0.788050220832713,
        0.7839809438737532,
        0.7868095876135179
    ],
    "val_loss": [
        0.45279125639160933,
        0.5614783839603983,
        0.43635449768201184,
        0.43207457892333484,
        0.45123680012242195,
        0.42945597793148266,
        0.44940108429964404,
        0.43593345508541365,
        0.43164190890155835,
        0.4339473775664508
    ],
    "val_acc": [
        0.7832473203652243,
        0.7187375942834459,
        0.7906907502977372,
        0.7940651052004764,
        0.7896982929734021,
        0.7966454942437475,
        0.7912862246923382,
        0.7927749106788408,
        0.7976379515680826,
        0.7966454942437475
    ]
}