{
    "train_loss": [
        0.41523576106116933,
        0.39507614465811514,
        0.39060031410040774,
        0.39844148461574647,
        0.38580935220991924,
        0.3768008301762687,
        0.38833969622816716,
        0.379606564493463,
        0.3831938754480324,
        0.3801407901959122
    ],
    "train_acc": [
        0.8020287173160618,
        0.8123436482642815,
        0.8165587197148829,
        0.8138514787018951,
        0.8211164799013057,
        0.8238922586614578,
        0.8180322812789144,
        0.8214248997635448,
        0.8201912203145882,
        0.8221445461087694
    ],
    "val_loss": [
        0.44707080076121747,
        0.47807935583169514,
        0.4244689817780341,
        0.4195788746790266,
        0.42625161949230905,
        0.4372065945291535,
        0.4291975773055152,
        0.4286835534541843,
        0.4670617403551872,
        0.42703195829640705
    ],
    "val_acc": [
        0.7874627853126034,
        0.7695997353622229,
        0.8031756533245121,
        0.803671849156467,
        0.8010254713860404,
        0.7920939464108502,
        0.8023486602712537,
        0.8026794574925571,
        0.7747270922924248,
        0.8013562686073437
    ]
}