{
    "epoch": [
        1,
        2,
        3,
        4,
        5
    ],
    "train_loss": [
        0.4129777564157494,
        0.398059877460974,
        0.3839563217322239,
        0.38901621167421685,
        0.38818877889248726
    ],
    "train_acc": [
        0.8030292646151738,
        0.812487149612775,
        0.8178329106983757,
        0.8173531629086424,
        0.8176273045027757
    ],
    "val_loss": [
        0.5397910325757919,
        0.44027806218741256,
        0.44993065178049213,
        0.4814144960210972,
        0.47632436662591915
    ],
    "val_acc": [
        0.7396195202646816,
        0.7943755169561622,
        0.7882547559966915,
        0.7727047146401985,
        0.7751861042183623
    ],
    "synthetic_ratio": [
        0.0,
        0.0,
        0.0,
        0.0,
        0.0
    ]
}