{
    "epoch": [
        1,
        2,
        3,
        4,
        5
    ],
    "train_loss": [
        0.48368105868352235,
        0.4687734352660903,
        0.4656940980181782,
        0.46151339444074174,
        0.45972054766032133
    ],
    "train_acc": [
        0.7647837234306509,
        0.773798693242908,
        0.7773964105533041,
        0.7823587792572988,
        0.7809114217186337
    ],
    "val_loss": [
        0.45612054581086037,
        0.4410457639678438,
        0.43033052431442603,
        0.49807292604564735,
        0.4507100561613678
    ],
    "val_acc": [
        0.7814722911497105,
        0.7899090157154673,
        0.7950372208436725,
        0.764929693961952,
        0.7909015715467328
    ],
    "synthetic_ratio": [
        0.0,
        0.0,
        0.0,
        0.0,
        0.0
    ]
}