{
    "train_loss": [
        0.4860837044837037,
        0.46095757693470835,
        0.45797634301342494,
        0.4568157580926882,
        0.45720251182380856
    ],
    "train_acc": [
        0.7642796883529354,
        0.7793161629695797,
        0.7821448067093445,
        0.7824921840107191,
        0.7829388119696293
    ],
    "val_loss": [
        0.4526433388881146,
        0.4400989295661142,
        0.4354003415594218,
        0.46675579192478445,
        0.4641974779550591
    ],
    "val_acc": [
        0.7821556173084557,
        0.7918816990869393,
        0.7958515283842795,
        0.7749106788408099,
        0.7763993648273124
    ]
}