{
    "epoch": [
        1,
        2,
        3,
        4,
        5
    ],
    "train_loss": [
        0.4222341109644104,
        0.39432759001472695,
        0.3889634237635524,
        0.3910801833704416,
        0.3933054904602597
    ],
    "train_acc": [
        0.796888386278743,
        0.8144683184263733,
        0.8197114560844385,
        0.8175182481751825,
        0.816284568726226
    ],
    "val_loss": [
        0.4412484107489149,
        0.4275871073414938,
        0.4257567925954788,
        0.42706063840312747,
        0.4401248515026876
    ],
    "val_acc": [
        0.7963943102877936,
        0.8015216672179953,
        0.802183261660602,
        0.8010254713860404,
        0.7912669533575918
    ],
    "synthetic_ratio": [
        1.0,
        1.0,
        1.0,
        1.0,
        1.0
    ]
}