{
    "epoch": [
        1,
        2,
        3,
        4,
        5
    ],
    "train_loss": [
        0.41572063035734724,
        0.3920450324710885,
        0.38830693005812855,
        0.3890476633444271,
        0.38550232170925675
    ],
    "train_acc": [
        0.8019259106953155,
        0.8167300640827936,
        0.8167986018299579,
        0.8177238614166752,
        0.8196086494636922
    ],
    "val_loss": [
        0.49391144766462114,
        0.4969549942521358,
        0.4457662310223291,
        0.4375226218259536,
        0.43839179288461594
    ],
    "val_acc": [
        0.781673833939795,
        0.7643069798213695,
        0.7911015547469401,
        0.7957327158451869,
        0.7960635130664903
    ],
    "synthetic_ratio": [
        1.0,
        1.0,
        1.0,
        1.0,
        1.0
    ]
}