{
    "train_loss": [
        0.40373881760251756,
        0.3744289575679614,
        0.36987206598835776,
        0.3731632290971577,
        0.3627717081239203,
        0.37184930823868195,
        0.3626532451026602,
        0.3603655233218873,
        0.36030463838441645,
        0.3536313022889797
    ],
    "train_acc": [
        0.8036393543744217,
        0.8206367156711559,
        0.8233439566841438,
        0.8227271169596655,
        0.8273876837668346,
        0.8243377540180254,
        0.8292382029402694,
        0.8305746890099722,
        0.8314656797231075,
        0.8346869538398273
    ],
    "val_loss": [
        0.4725653108996821,
        0.44566030244814653,
        0.49688594009242937,
        0.4785716973351123,
        0.4352802153340326,
        0.45388346058700085,
        0.514578251325252,
        0.45291547813913974,
        0.4398218978725046,
        0.4702367779635216
    ],
    "val_acc": [
        0.774065497849818,
        0.7907707575256367,
        0.759014224280516,
        0.7742308964604697,
        0.7983790936156137,
        0.7869665894806483,
        0.7573602381739993,
        0.7932517366854118,
        0.7977174991730069,
        0.78316242143566
    ]
}