{
    "train_loss": [
        0.4714991094042474,
        0.45364258821938747,
        0.4425885597403041,
        0.4351150399500221,
        0.44138282810317586,
        0.43776051417028883,
        0.43367288511154933,
        0.4333354782258574,
        0.43820892855464627,
        0.43216252868489624
    ],
    "train_acc": [
        0.7731783971549087,
        0.785667025059962,
        0.7902985691836903,
        0.7924489289554214,
        0.7928624596807543,
        0.7930278719708874,
        0.7969977669340832,
        0.7956744686130179,
        0.7937308742039534,
        0.7963361177735506
    ],
    "val_loss": [
        0.4474002846367996,
        0.44758669446577604,
        0.43898847177070066,
        0.45639384222287005,
        0.4566500048680775,
        0.44658460052078475,
        0.4339283157321813,
        0.45060809652996614,
        0.4408427482749728,
        0.4439842109447476
    ],
    "val_acc": [
        0.7837882547559967,
        0.7806451612903226,
        0.7870967741935484,
        0.7746898263027295,
        0.7791563275434243,
        0.7839536807278743,
        0.7882547559966915,
        0.7788254755996692,
        0.7847808105872622,
        0.7842845326716295
    ]
}