{
    "epoch": [
        1,
        2,
        3,
        4,
        5
    ],
    "train_loss": [
        0.48450128907335244,
        0.4641874604086432,
        0.45628085559298187,
        0.45588479925215547,
        0.45039686730218476
    ],
    "train_acc": [
        0.7660559943757496,
        0.7774699143955999,
        0.7829701004921219,
        0.7843761631032629,
        0.787395062238948
    ],
    "val_loss": [
        0.47086829534635377,
        0.46057666048008283,
        0.4547956323844488,
        0.4691149901365784,
        0.4448467641132303
    ],
    "val_acc": [
        0.7805160436652332,
        0.7896129672510751,
        0.788620575587165,
        0.784651008931525,
        0.7955673172345352
    ],
    "synthetic_ratio": [
        0.0,
        0.0,
        0.0,
        0.0,
        0.0
    ]
}