{
    "epoch": [
        1,
        2,
        3,
        4,
        5
    ],
    "train_loss": [
        0.4140260446762811,
        0.4033458900495778,
        0.3908202101300132,
        0.3805347993488905,
        0.3888979705894274
    ],
    "train_acc": [
        0.8004591871701734,
        0.8128640943047084,
        0.8165992735247756,
        0.8207113974367761,
        0.8162223288328422
    ],
    "val_loss": [
        0.47594605278041957,
        0.44471263071542144,
        0.4432242725238611,
        0.44112015289152035,
        0.44848659691286047
    ],
    "val_acc": [
        0.7680727874276262,
        0.7905707196029776,
        0.7917287014061207,
        0.7922249793217535,
        0.7869313482216708
    ],
    "synthetic_ratio": [
        1.0,
        1.0,
        1.0,
        1.0,
        1.0
    ]
}