{
    "epoch": [
        1,
        2,
        3,
        4,
        5
    ],
    "train_loss": [
        0.48175214263982785,
        0.4637381390515433,
        0.4560012798193277,
        0.45561849441901414,
        0.4627563134744738
    ],
    "train_acc": [
        0.766221413506472,
        0.7767668830900294,
        0.7828873909267606,
        0.7815226830983003,
        0.7813159091848972
    ],
    "val_loss": [
        0.506718699481761,
        0.492925033658457,
        0.45215573552977434,
        0.4831854496182017,
        0.4463354934239837
    ],
    "val_acc": [
        0.7586834270592127,
        0.7581872312272577,
        0.7839894144889183,
        0.7654647700959312,
        0.7854780019847833
    ],
    "synthetic_ratio": [
        0.0,
        0.0,
        0.0,
        0.0,
        0.0
    ]
}