{
    "train_loss": [
        0.4842773670027623,
        0.46412746375207126,
        0.46886485006582274,
        0.46200937053157715,
        0.45220634041515967,
        0.45956644265746943,
        0.4505805757336399,
        0.44176010116928616,
        0.4536874754909408,
        0.4528777972658656
    ],
    "train_acc": [
        0.7647423703581177,
        0.7775618228434372,
        0.7758249937970392,
        0.7814490116615664,
        0.7838474898684973,
        0.7812835993714333,
        0.7864940865106277,
        0.7902985691836903,
        0.7871557356711604,
        0.7863286742204946
    ],
    "val_loss": [
        0.4407407899845524,
        0.4552359651789574,
        0.4885175373950608,
        0.47803314296641164,
        0.4267178014549369,
        0.42573402072892297,
        0.45637344780098416,
        0.4293667883001348,
        0.4252388684191518,
        0.5048442712591343
    ],
    "val_acc": [
        0.7947063688999173,
        0.7821339950372208,
        0.7578163771712159,
        0.7642679900744417,
        0.7981803143093466,
        0.7993382961124896,
        0.7784946236559139,
        0.8,
        0.7981803143093466,
        0.7644334160463193
    ]
}