{
    "epoch": [
        1,
        2,
        3,
        4,
        5
    ],
    "train_loss": [
        0.3764307564299314,
        0.36522282906121273,
        0.24136562022571478,
        0.24812699576956732,
        0.12505586772291963
    ],
    "train_acc": [
        0.819121660739393,
        0.8313621702092465,
        0.8887188818129187,
        0.885038458357456,
        0.944669588950459
    ],
    "val_loss": [
        0.5205895495375293,
        0.4474979732626228,
        0.4542157147717535,
        0.4455160516564564,
        0.5056297773019256
    ],
    "val_acc": [
        0.7511993382961125,
        0.7920595533498759,
        0.7895781637717122,
        0.7935483870967742,
        0.7652605459057072
    ],
    "synthetic_ratio": [
        0.25,
        0.25,
        0.5,
        0.5,
        0.75
    ]
}