{
    "train_loss": [
        0.41384876562718853,
        0.3925675183421259,
        0.39067110890293255,
        0.38766334997035257,
        0.39018467376387467,
        0.38714015108071803,
        0.3752875100407761,
        0.3720318624946825,
        0.3779785120153455,
        0.3788861255347371
    ],
    "train_acc": [
        0.8042561940988999,
        0.8155649223810013,
        0.8168328707035399,
        0.8204653713032453,
        0.8166272574620472,
        0.8184435077618999,
        0.8243377540180254,
        0.8253315513519071,
        0.8223501593502621,
        0.8229327302011583
    ],
    "val_loss": [
        0.4689695383790231,
        0.45248067073383513,
        0.4969820242388691,
        0.4413695384680811,
        0.49904283468115224,
        0.44999664166176356,
        0.4360590667823983,
        0.4399970898634544,
        0.4418322333349442,
        0.4592503452790008
    ],
    "val_acc": [
        0.7786966589480648,
        0.7859741978167384,
        0.7656301687065828,
        0.7911015547469401,
        0.7664571617598412,
        0.7915977505788951,
        0.7973867019517036,
        0.7949057227919285,
        0.7975521005623553,
        0.785643400595435
    ]
}