{
    "epoch": [
        1,
        2,
        3,
        4,
        5
    ],
    "train_loss": [
        0.48514095991437023,
        0.4636500876371167,
        0.4652105273011748,
        0.4534804639730603,
        0.4577332649368106
    ],
    "train_acc": [
        0.7661387039411108,
        0.776477399611265,
        0.7797030726603532,
        0.7841693891898598,
        0.7842520987552211
    ],
    "val_loss": [
        0.6103830158493592,
        0.4405485543438113,
        0.5479770113686004,
        0.43982754566398946,
        0.47024965179782807
    ],
    "val_acc": [
        0.7125372146873966,
        0.7937479325173669,
        0.7327158451869005,
        0.7920939464108502,
        0.7770426728415482
    ],
    "synthetic_ratio": [
        0.0,
        0.0,
        0.0,
        0.0,
        0.0
    ]
}