{
    "epoch": [
        1,
        2,
        3,
        4,
        5
    ],
    "train_loss": [
        0.3825215111101406,
        0.35814355348162374,
        0.24644819813142016,
        0.23691348927595432,
        0.12650800491810663
    ],
    "train_acc": [
        0.8162269456620627,
        0.8314862294268465,
        0.8862790505334547,
        0.889339177900918,
        0.9419816392357953
    ],
    "val_loss": [
        0.4773663679857309,
        0.4872731917253499,
        0.5438479734709482,
        0.435986996673177,
        0.49220483782273666
    ],
    "val_acc": [
        0.7732009925558313,
        0.7674110835401158,
        0.7594706368899917,
        0.7945409429280397,
        0.7712158808933003
    ],
    "synthetic_ratio": [
        0.25,
        0.25,
        0.5,
        0.5,
        0.75
    ]
}