{
    "train_loss": [
        0.3910018978528979,
        0.3762510811508562,
        0.3691100910839791,
        0.3712592002523239,
        0.3611023673055793
    ],
    "train_acc": [
        0.8144010178521729,
        0.8232674645143334,
        0.8280784064251918,
        0.8266072919565822,
        0.831020635362411
    ],
    "val_loss": [
        0.4380050477360676,
        0.43496797231749534,
        0.5702451713362493,
        0.434272373169838,
        0.43473632439065896
    ],
    "val_acc": [
        0.7948590710599445,
        0.7965462485113141,
        0.7357086145295753,
        0.7941643509329099,
        0.7986304088924177
    ]
}