{
    "train_loss": [
        0.4848575032080949,
        0.4655198723877886,
        0.4645346965625809,
        0.4629007473541403,
        0.4538190466840831
    ],
    "train_acc": [
        0.7643789390104709,
        0.7771822738325641,
        0.7788695350106695,
        0.7800109175723289,
        0.7849734504491093
    ],
    "val_loss": [
        0.44414871401046657,
        0.6188078678141704,
        0.4378723477432301,
        0.44044492088787707,
        0.43279601435379267
    ],
    "val_acc": [
        0.7909884874950377,
        0.7103017070265979,
        0.796744739976181,
        0.7928741564112743,
        0.8007145692735212
    ]
}