{
    "train_loss": [
        0.4839084901222135,
        0.4670114632333386,
        0.45659394680042786,
        0.4623676737608031,
        0.45171764679040505,
        0.461329368540835,
        0.4553238258167305,
        0.44583739339491907,
        0.44512165378656976,
        0.4419361096026909
    ],
    "train_acc": [
        0.765371445585827,
        0.777231899161332,
        0.7811026748052206,
        0.7780755297503846,
        0.7853208277504838,
        0.7830876879559328,
        0.7865614609696789,
        0.7898863579971217,
        0.789836732668354,
        0.7918217458190661
    ],
    "val_loss": [
        0.4450972859421246,
        0.5165623975633014,
        0.4426121063509741,
        0.4523096898923369,
        0.43505665287227563,
        0.4379184893692898,
        0.4763590567591835,
        0.4328117821367074,
        0.43061621602493033,
        0.6180677580994337
    ],
    "val_acc": [
        0.787117903930131,
        0.7573441842000794,
        0.7914847161572053,
        0.7870186581976975,
        0.7966454942437475,
        0.7928741564112743,
        0.7733227471218738,
        0.7975387058356491,
        0.7966454942437475,
        0.7192338229456133
    ]
}