{
    "epoch": [
        1,
        2,
        3,
        4,
        5
    ],
    "train_loss": [
        0.4928157561056648,
        0.46487063694242786,
        0.45995496815718606,
        0.4551485720333277,
        0.4526436442344304
    ],
    "train_acc": [
        0.7594078240013233,
        0.7760731122322388,
        0.7799603010503681,
        0.7842610205938301,
        0.7854189066247622
    ],
    "val_loss": [
        0.5052264523368122,
        0.4710776747899967,
        0.44430364614877943,
        0.42992893618133265,
        0.45609800010007506
    ],
    "val_acc": [
        0.7478908188585608,
        0.7728701406120762,
        0.7912324234904881,
        0.7978494623655914,
        0.7808105872622002
    ],
    "synthetic_ratio": [
        0.0,
        0.0,
        0.0,
        0.0,
        0.0
    ]
}