{
    "train_loss": [
        0.4824973296169647,
        0.4684758122621707,
        0.4596042804986006,
        0.45657894512120273,
        0.46124870807769297,
        0.4544166089321927,
        0.4514903102333071,
        0.45171841436370885,
        0.446635415790582,
        0.4486414464387412
    ],
    "train_acc": [
        0.7659319300277077,
        0.7755262396096109,
        0.7825151978826351,
        0.7798684917910756,
        0.780695587444688,
        0.7856168065836814,
        0.7849137752781109,
        0.7867333857160581,
        0.7895041561556594,
        0.789007898763492
    ],
    "val_loss": [
        0.4343580255790771,
        0.5339576612826494,
        0.4513607946425686,
        0.4277349960673853,
        0.43538933651280887,
        0.4847289355452629,
        0.45105317407517176,
        0.43947252406413057,
        0.41879586766501986,
        0.41806151685121634
    ],
    "val_acc": [
        0.7912669533575918,
        0.7489249090307641,
        0.7811776381078399,
        0.7970559047304002,
        0.7968905061197485,
        0.7709229242474364,
        0.7823354283824016,
        0.7914323519682435,
        0.8049950380416805,
        0.8040026463777704
    ]
}