{
    "epoch": [
        1,
        2,
        3,
        4,
        5
    ],
    "train_loss": [
        0.40429908307824575,
        0.38411995037723423,
        0.2915464824329149,
        0.2931741627781891,
        0.28920854926700873
    ],
    "train_acc": [
        0.8072119758498056,
        0.8187081300140601,
        0.8639897444380118,
        0.8651062773964106,
        0.8661401042097427
    ],
    "val_loss": [
        0.46560662859624036,
        0.43607646381687387,
        0.4516012834950456,
        0.43647412534978786,
        0.4439715239950406
    ],
    "val_acc": [
        0.7799834574028123,
        0.7930521091811414,
        0.7861042183622828,
        0.7930521091811414,
        0.7961952026468155
    ],
    "synthetic_ratio": [
        0.2,
        0.2,
        0.4,
        0.4,
        0.4
    ]
}