{
    "train_loss": [
        0.486591292591784,
        0.4621726365115918,
        0.45785308816500153,
        0.4576802265554158,
        0.4496023368982154
    ],
    "train_acc": [
        0.7636959110758237,
        0.7794263596665343,
        0.7800714569273521,
        0.7845871377530766,
        0.7882096069868996
    ],
    "val_loss": [
        0.45966577404781844,
        0.5200900762962645,
        0.45471560979303594,
        0.43306449164527816,
        0.42886086269880347
    ],
    "val_acc": [
        0.7782630272952854,
        0.7474937965260546,
        0.7816377171215881,
        0.7892803970223325,
        0.7946401985111663
    ]
}