{
    "train_loss": [
        0.4812279789515931,
        0.4590122811540624,
        0.46348465526563015,
        0.4531137770416719,
        0.4473959728809234,
        0.4501685141783567,
        0.44822851857432966,
        0.44568312319558306,
        0.45054531576568146,
        0.44105265658968446
    ],
    "train_acc": [
        0.7679138547042477,
        0.7820067487098055,
        0.7810142913854704,
        0.7860758237395792,
        0.7915839618896388,
        0.7886065899166336,
        0.7898967844382692,
        0.7927252878126241,
        0.7884577213179833,
        0.7948094481937277
    ],
    "val_loss": [
        0.44138133224719217,
        0.4473793473610511,
        0.43892295695120287,
        0.47393241140150255,
        0.45025801999397375,
        0.44366212508222896,
        0.4293369489420141,
        0.4277817783876329,
        0.42829803401719846,
        0.4283987205052198
    ],
    "val_acc": [
        0.7917617866004962,
        0.786302729528536,
        0.7877915632754342,
        0.7695285359801489,
        0.7797518610421836,
        0.7918610421836229,
        0.7935483870967742,
        0.7935483870967742,
        0.7946401985111663,
        0.7944416873449132
    ]
}