{
    "epoch": [
        1,
        2,
        3,
        4,
        5
    ],
    "train_loss": [
        0.48601598688749825,
        0.4590361388314698,
        0.45677524438055006,
        0.4537142294185371,
        0.4492847538006216
    ],
    "train_acc": [
        0.7661070217517162,
        0.7822760731122322,
        0.7817384831692995,
        0.7845091390290299,
        0.7864940865106277
    ],
    "val_loss": [
        0.46486898269211585,
        0.4568313746042149,
        0.44016239034232274,
        0.490453011956069,
        0.4420886840082773
    ],
    "val_acc": [
        0.7783291976840364,
        0.7753515301902398,
        0.7875930521091812,
        0.7639371381306865,
        0.780479735318445
    ],
    "synthetic_ratio": [
        0.0,
        0.0,
        0.0,
        0.0,
        0.0
    ]
}