{
    "train_loss": [
        0.4012139247733119,
        0.37526173251380546,
        0.3714295429853901,
        0.37206251024975207,
        0.37101527997654976,
        0.3634661733991814,
        0.36801405100743034,
        0.363432111907114,
        0.36279433530306193,
        0.36617646220900285
    ],
    "train_acc": [
        0.8058668311572599,
        0.8230698056954868,
        0.8243377540180254,
        0.8257770467084747,
        0.8255028957198177,
        0.828861245330866,
        0.8269079195366849,
        0.8296494294232548,
        0.8328364346663926,
        0.8283814811007162
    ],
    "val_loss": [
        0.4619610184101801,
        0.42416264020643446,
        0.4235750008725663,
        0.42321735686550777,
        0.42015230740453485,
        0.4231459561302849,
        0.4148285223717647,
        0.4224348014804097,
        0.41349551754994696,
        0.42540126460260247
    ],
    "val_acc": [
        0.7801852464439298,
        0.8023486602712537,
        0.8046642408203771,
        0.8023486602712537,
        0.8044988422097255,
        0.8041680449884221,
        0.8069798213695005,
        0.8025140588819054,
        0.8091300033079722,
        0.8018524644392987
    ]
}