{
    "epoch": [
        1,
        2,
        3,
        4,
        5
    ],
    "train_loss": [
        0.412520071813678,
        0.393179295907149,
        0.38884502207715715,
        0.3868719188919143,
        0.38567410381365963
    ],
    "train_acc": [
        0.8037146186005072,
        0.8137207867863752,
        0.8180385168939758,
        0.8180727845932424,
        0.8214652868206429
    ],
    "val_loss": [
        0.45547010869995636,
        0.5152085665733583,
        0.4552050808424591,
        0.4435942922376028,
        0.5242248912011424
    ],
    "val_acc": [
        0.7851116625310174,
        0.7556658395368073,
        0.7842845326716295,
        0.7887510339123243,
        0.7540115798180315
    ],
    "synthetic_ratio": [
        1.0,
        1.0,
        1.0,
        1.0,
        1.0
    ]
}