{
    "train_loss": [
        0.47751280045738076,
        0.4615668944232508,
        0.4611460780739518,
        0.4540786319212408,
        0.4559955006990172,
        0.4611966730041605,
        0.44954699682357263,
        0.4449730507173547,
        0.4465356460404193,
        0.4474026836130126
    ],
    "train_acc": [
        0.7684641468861136,
        0.782234720039699,
        0.7806219502109006,
        0.786245968075428,
        0.78752791332396,
        0.7828963692002315,
        0.7874865602514267,
        0.7886030932098255,
        0.7883963278471591,
        0.7869903233810273
    ],
    "val_loss": [
        0.44320311697186077,
        0.44132276268119747,
        0.4424143091078333,
        0.4354527645312231,
        0.43847989286638867,
        0.4634759708413218,
        0.43530380028747545,
        0.4324751148941696,
        0.45067192456069516,
        0.5998115338502195
    ],
    "val_acc": [
        0.7839536807278743,
        0.7877584780810587,
        0.7849462365591398,
        0.7912324234904881,
        0.7857733664185277,
        0.7768403639371382,
        0.7907361455748553,
        0.7899090157154673,
        0.7781637717121588,
        0.7118279569892473
    ]
}