{
    "epoch": [
        1,
        2,
        3,
        4,
        5
    ],
    "train_loss": [
        0.41676172378587656,
        0.396963021080839,
        0.39754151738509863,
        0.3895467046187023,
        0.40257199921498
    ],
    "train_acc": [
        0.8027483636612864,
        0.8106644734587574,
        0.8133374455981632,
        0.8167986018299579,
        0.8119666906548781
    ],
    "val_loss": [
        0.44353746758602014,
        0.42774490122364484,
        0.46917888736078134,
        0.43709465950047227,
        0.4706909440622951
    ],
    "val_acc": [
        0.7949057227919285,
        0.8041680449884221,
        0.7760502811776381,
        0.7944095269599736,
        0.773569302017863
    ],
    "synthetic_ratio": [
        0.0,
        0.0,
        0.0,
        0.0,
        0.0
    ]
}