{
    "epoch": [
        1,
        2,
        3,
        4,
        5
    ],
    "train_loss": [
        0.47744358586137103,
        0.4644612055017678,
        0.4576972050255083,
        0.45776561631940255,
        0.4554663558015554
    ],
    "train_acc": [
        0.7683814407410471,
        0.7778512943511703,
        0.7826068976924986,
        0.7820279546770325,
        0.7858324373500951
    ],
    "val_loss": [
        0.4444056621457645,
        0.44741520751991776,
        0.469666022782093,
        0.5335143673804499,
        0.4464848578715738
    ],
    "val_acc": [
        0.7846153846153846,
        0.7793217535153019,
        0.7733664185277088,
        0.7442514474772539,
        0.7866004962779156
    ],
    "synthetic_ratio": [
        0.0,
        0.0,
        0.0,
        0.0,
        0.0
    ]
}