{
    "epoch": [
        1,
        2,
        3,
        4,
        5
    ],
    "train_loss": [
        0.48176022630778603,
        0.4670843925983633,
        0.45524534915105036,
        0.4684250437782495,
        0.4571383767881836
    ],
    "train_acc": [
        0.76565213795385,
        0.7781407658589033,
        0.7827309569100984,
        0.780952774791167,
        0.7842610205938301
    ],
    "val_loss": [
        0.5151918107759272,
        0.44402008739949456,
        0.5070869637285016,
        0.49360493260834015,
        0.43798532349891756
    ],
    "val_acc": [
        0.7634408602150538,
        0.7885856079404466,
        0.7507030603804797,
        0.7617866004962779,
        0.798014888337469
    ],
    "synthetic_ratio": [
        0.0,
        0.0,
        0.0,
        0.0,
        0.0
    ]
}