{
    "epoch": [
        1,
        2,
        3,
        4,
        5
    ],
    "train_loss": [
        0.40854488052921817,
        0.3911853216549943,
        0.39211650201010045,
        0.3817078371229927,
        0.3838865296559445
    ],
    "train_acc": [
        0.8044618073403927,
        0.8139542853226415,
        0.8144683184263733,
        0.8236181076728007,
        0.8202254891881704
    ],
    "val_loss": [
        0.4806330946751316,
        0.47664327156926245,
        0.4616636409098606,
        0.5163705642949734,
        0.4824932913215516
    ],
    "val_acc": [
        0.7800198478332782,
        0.7768772742308965,
        0.7826662256037049,
        0.7573602381739993,
        0.7748924909030764
    ],
    "synthetic_ratio": [
        0.0,
        0.0,
        0.0,
        0.0,
        0.0
    ]
}