{
    "epoch": [
        1,
        2,
        3,
        4,
        5
    ],
    "train_loss": [
        0.38218059640389007,
        0.36038559906181283,
        0.2416677545959613,
        0.24763713924006342,
        0.12464058366370558
    ],
    "train_acc": [
        0.8220090153426244,
        0.8292461023117323,
        0.8877217650221249,
        0.8866878954551094,
        0.9429303999007486
    ],
    "val_loss": [
        0.4498501326956577,
        0.4431044075254806,
        0.507691467297302,
        0.48978085465435944,
        0.5696545897080652
    ],
    "val_acc": [
        0.7882897783658618,
        0.7899437644723785,
        0.7651339728746278,
        0.7800198478332782,
        0.7550446576248759
    ],
    "synthetic_ratio": [
        0.25,
        0.25,
        0.5,
        0.5,
        0.75
    ]
}