{
    "G_losses_iter": [],
    "D_losses_iter": [],
    "D_x_iter": [],
    "D_G_z1_iter": [],
    "D_G_z2_iter": [],
    "G_losses_epoch": [
        643.7245544110657,
        972.6433941876447,
        1064.4129911230984,
        1093.720285244089,
        1142.9486212513434,
        1167.0483348059277,
        949.1046460348463,
        776.8145633112185,
        906.0000738880622,
        1043.810021391369,
        1096.4259679723668,
        1159.0139218930844,
        1208.746394598421,
        1236.543619404142,
        1270.8654476428158,
        1389.8349658461475,
        1323.4957602849083,
        1137.5627313523066,
        1287.864622990038,
        1262.2946081090856,
        1321.7130008112185,
        1413.629924148479,
        1449.9894714678405,
        1486.51573234437,
        1565.5790243158895,
        1663.9735243055557,
        1704.208632631655,
        1787.6353206896908,
        1531.604847289393,
        1576.4180005270337
    ],
    "D_losses_epoch": [
        0.43700808084831033,
        0.33208076487142574,
        0.3300031207541309,
        0.32873890393625493,
        0.3285867557323799,
        0.32868317643170636,
        0.4669955041988817,
        0.3526224512902517,
        0.3299136972301221,
        0.32788752853555025,
        0.32761377351624626,
        0.3274503061380336,
        0.32755094517475714,
        0.32723641392415165,
        0.3270865276377037,
        0.32701362778270054,
        0.4329821522904452,
        0.3305854952839947,
        0.3273813287417094,
        0.32717918498175486,
        0.3272333593280227,
        0.3270591800175016,
        0.32725615999686025,
        0.32743703685109576,
        0.3264991340498445,
        0.3266731798648834,
        0.3267318372057859,
        0.32620425054005214,
        0.3743764267396675,
        0.3266432574501744
    ],
    "perceptual_losses": [
        18.611661035043223,
        39.304097303763896,
        36.99526444288789,
        34.3758457809529,
        34.05310734340123,
        34.75287617274693,
        28.376543176237238,
        23.876957890344045,
        24.29889065575978,
        26.21137598834971,
        27.311272452621864,
        27.48656257952332,
        28.023303087426243,
        29.452610375136924,
        29.642377704035038,
        30.70575951873941,
        29.282984585232207,
        32.45101114303347,
        31.502686525778795,
        29.328667752704924,
        27.9082232803264,
        27.72274608107471,
        28.218093637940743,
        28.35914098749716,
        28.980660122664517,
        29.163449621452855,
        29.458234934327464,
        29.443067920018756,
        29.04911595904638,
        29.975697728313467
    ],
    "feature_matching_losses": [
        90.3463142758324,
        114.5035405961294,
        137.30229399343017,
        148.32669671275627,
        158.73947072508474,
        162.11304578831587,
        131.65761393794307,
        106.35905738305793,
        131.10928190523984,
        154.6766623602973,
        162.91794733118127,
        174.9988920504454,
        183.82184197965753,
        186.52954078956887,
        193.0022821174097,
        214.64249987728383,
        204.3837805208075,
        161.11774698893228,
        192.85457443963912,
        192.0868762949787,
        206.69853654488054,
        225.33792002844433,
        231.5912919463304,
        238.5813420694341,
        253.07117960289042,
        272.3054271556713,
        279.7502926619595,
        296.398675698578,
        246.43712335011315,
        253.46271095881386
    ]
}