{
    "train_loss": [
        0.4771567107560234,
        0.4598728132868285,
        0.4602264911897657,
        0.45335429646258407,
        0.45729291731883664,
        0.4447908411999489,
        0.45193868200521903,
        0.45074674689529565,
        0.4448202996603073,
        0.4519262367409458
    ],
    "train_acc": [
        0.7699407814205842,
        0.7794025209250008,
        0.7802295960565058,
        0.785125880835015,
        0.7845303867403315,
        0.7922718099712178,
        0.7853905448770966,
        0.7873093591821881,
        0.7913785688291924,
        0.7858867899559996
    ],
    "val_loss": [
        0.39963557521502174,
        0.3190641732613246,
        0.17968368275960286,
        0.5459658292134603,
        0.4454652271270752,
        0.40952696164449054,
        0.5097701527277628,
        0.697720594962438,
        0.7784601028760274,
        0.6561128718058268
    ],
    "val_acc": [
        0.7943333333333333,
        0.8343333333333334,
        0.929,
        0.7076666666666667,
        0.7656666666666667,
        0.781,
        0.7336666666666667,
        0.6506666666666666,
        0.6093333333333333,
        0.659
    ]
}