{
    "train_loss": [
        0.4864500621175042,
        0.46678879063669015,
        0.4629718810344549,
        0.45189572506176195,
        0.452165199439446,
        0.4598469718495564,
        0.4464834909237243,
        0.4526837324356273,
        0.4502148670453259,
        0.44546003679382534
    ],
    "train_acc": [
        0.76755880504185,
        0.7769874615410064,
        0.7796341019618223,
        0.7873755251927085,
        0.7861514539980812,
        0.7841995566877296,
        0.7897244185661826,
        0.7870116121348464,
        0.7876071062295299,
        0.7914447348397129
    ],
    "val_loss": [
        0.49247144826253253,
        0.6194270270665486,
        0.519809209505717,
        0.5383065609137218,
        0.3720581196943919,
        0.7936198153495788,
        0.48909341168403625,
        0.5132177935441335,
        0.56876162870725,
        0.450111749569575
    ],
    "val_acc": [
        0.73,
        0.676,
        0.718,
        0.7116666666666667,
        0.8013333333333333,
        0.5966666666666667,
        0.7426666666666667,
        0.7316666666666667,
        0.7073333333333334,
        0.7586666666666667
    ]
}