{
    "train_loss": [
        0.4823816201768259,
        0.45974629870633,
        0.45537973715822266,
        0.4540785137484698,
        0.45423705151643706,
        0.4567212658294136,
        0.45027502229803945,
        0.44128718463652905,
        0.4513081657459391,
        0.4563556089063104
    ],
    "train_acc": [
        0.7667317299103451,
        0.7788070268303172,
        0.7821484103615972,
        0.7850266318192345,
        0.7870116121348464,
        0.7845965527508519,
        0.7875740232242697,
        0.792139477950177,
        0.7875078572137493,
        0.7850266318192345
    ],
    "val_loss": [
        0.3698845489025116,
        0.40866781743367514,
        0.23301466778914134,
        0.619914980173111,
        0.5591302858193715,
        0.41378772687911985,
        0.5618117577234903,
        0.521989728530248,
        0.28450063955783844,
        0.625175434033076
    ],
    "val_acc": [
        0.805,
        0.7836666666666666,
        0.894,
        0.6743333333333333,
        0.702,
        0.7773333333333333,
        0.704,
        0.719,
        0.8593333333333333,
        0.6796666666666666
    ]
}