{
    "train_loss": [
        0.4813826794031102,
        0.46692542139945215,
        0.4621694635559304,
        0.4551156757990209,
        0.4470636333242262,
        0.44941816107387617,
        0.4521768597974887,
        0.4415661149833916,
        0.44933470294683553,
        0.43951405692921625
    ],
    "train_acc": [
        0.7665001488735237,
        0.7753002282727363,
        0.7816521652826943,
        0.7832070665299236,
        0.7887650114136369,
        0.7872762761769279,
        0.7863830350349026,
        0.7927680550501207,
        0.7893605055083204,
        0.793992126244748
    ],
    "val_loss": [
        0.3670442338784536,
        0.41405926990509034,
        0.41228364713986715,
        0.5827891495227814,
        0.5319004611968994,
        0.4154028612772624,
        0.5491449231306712,
        0.292653511484464,
        0.2571862683693568,
        0.2972516263723373
    ],
    "val_acc": [
        0.808,
        0.7816666666666666,
        0.782,
        0.694,
        0.708,
        0.781,
        0.7163333333333334,
        0.8503333333333334,
        0.878,
        0.847
    ]
}